dataset,model,strategy,display_strategy,budget,seeds,seed_count,ASR_at_budget,UnsafeFunctional_at_budget,RawVulnerable_at_budget,FunctionalRate_at_budget,Q_at_success,AvgQueries,AvgQueriesPerTask,AULC,metric_note
cyberseceval,Qwen/Qwen2.5-Coder-0.5B-Instruct,aot_ensemble_fixed_pool_comment,AOT-style Ensemble,4,"7,19,31,43,59",5,0.10666666666666666,0.10666666666666666,0.11833333333333333,0.7266666666666667,2.3423076923076924,458.8,3.8233333333333333,0.12166666666666666,"Budgets are the committed protocol budgets B=4/8/16 or B=4/8 for CyberSecEval, not B=10/20/40."
cyberseceval,Qwen/Qwen2.5-Coder-0.5B-Instruct,aot_ensemble_fixed_pool_comment,AOT-style Ensemble,8,"7,19,31,43,59",5,0.13666666666666666,0.13666666666666666,0.14500000000000002,0.7816666666666666,3.1794117647058826,881.0,7.341666666666666,0.12166666666666666,"Budgets are the committed protocol budgets B=4/8/16 or B=4/8 for CyberSecEval, not B=10/20/40."
cyberseceval,Qwen/Qwen2.5-Coder-0.5B-Instruct,classical_active_comment,Classical Active,4,"7,19,31,43,59",5,0.11499999999999999,0.11499999999999999,0.125,0.725,2.047032967032967,453.2,3.7766666666666664,0.13499999999999998,"Budgets are the committed protocol budgets B=4/8/16 or B=4/8 for CyberSecEval, not B=10/20/40."
cyberseceval,Qwen/Qwen2.5-Coder-0.5B-Instruct,classical_active_comment,Classical Active,8,"7,19,31,43,59",5,0.15499999999999997,0.15499999999999997,0.16333333333333333,0.775,3.232455403213917,871.8,7.265000000000001,0.13499999999999998,"Budgets are the committed protocol budgets B=4/8/16 or B=4/8 for CyberSecEval, not B=10/20/40."
cyberseceval,Qwen/Qwen2.5-Coder-0.5B-Instruct,classical_boundary_witness_comment,Classical Boundary Witness,4,"7,19,31,43,59",5,0.08833333333333333,0.08833333333333333,0.10499999999999998,0.7133333333333334,2.2218181818181817,461.2,3.8433333333333337,0.11916666666666667,"Budgets are the committed protocol budgets B=4/8/16 or B=4/8 for CyberSecEval, not B=10/20/40."
cyberseceval,Qwen/Qwen2.5-Coder-0.5B-Instruct,classical_boundary_witness_comment,Classical Boundary Witness,8,"7,19,31,43,59",5,0.15,0.15,0.15833333333333333,0.7916666666666666,3.844444444444444,885.2,7.376666666666667,0.11916666666666667,"Budgets are the committed protocol budgets B=4/8/16 or B=4/8 for CyberSecEval, not B=10/20/40."
cyberseceval,Qwen/Qwen2.5-Coder-0.5B-Instruct,fair_random_comment,Random Search,4,"7,19,31,43,59",5,0.06833333333333333,0.06833333333333333,0.08166666666666667,0.7433333333333334,1.9392857142857143,463.4,3.861666666666667,0.09833333333333333,"Budgets are the committed protocol budgets B=4/8/16 or B=4/8 for CyberSecEval, not B=10/20/40."
cyberseceval,Qwen/Qwen2.5-Coder-0.5B-Instruct,fair_random_comment,Random Search,8,"7,19,31,43,59",5,0.12833333333333335,0.12833333333333335,0.14166666666666666,0.8116666666666668,3.744873949579832,894.4,7.453333333333333,0.09833333333333333,"Budgets are the committed protocol budgets B=4/8/16 or B=4/8 for CyberSecEval, not B=10/20/40."
cyberseceval,Qwen/Qwen2.5-Coder-0.5B-Instruct,insec_fixed_pool_comment,INSEC-style Fixed-Pool Search,4,"7,19,31,43,59",5,0.075,0.075,0.09166666666666666,0.7083333333333334,2.088888888888889,462.8,3.8566666666666665,0.1,"Budgets are the committed protocol budgets B=4/8/16 or B=4/8 for CyberSecEval, not B=10/20/40."
cyberseceval,Qwen/Qwen2.5-Coder-0.5B-Instruct,insec_fixed_pool_comment,INSEC-style Fixed-Pool Search,8,"7,19,31,43,59",5,0.125,0.125,0.13333333333333333,0.7783333333333333,4.213333333333333,903.2,7.526666666666666,0.1,"Budgets are the committed protocol budgets B=4/8/16 or B=4/8 for CyberSecEval, not B=10/20/40."
cyberseceval,Qwen/Qwen2.5-Coder-0.5B-Instruct,qscout_qbw_comment,QScout-QBW,4,"7,19,31,43,59",5,0.155,0.155,0.16499999999999998,0.7416666666666667,2.080798073615411,444.4,3.703333333333333,0.16583333333333333,"Budgets are the committed protocol budgets B=4/8/16 or B=4/8 for CyberSecEval, not B=10/20/40."
cyberseceval,Qwen/Qwen2.5-Coder-0.5B-Instruct,qscout_qbw_comment,QScout-QBW,8,"7,19,31,43,59",5,0.17666666666666667,0.17666666666666667,0.185,0.7983333333333333,2.5272727272727273,844.0,7.033333333333333,0.16583333333333333,"Budgets are the committed protocol budgets B=4/8/16 or B=4/8 for CyberSecEval, not B=10/20/40."
llmseceval,Qwen/Qwen2.5-Coder-0.5B-Instruct,aot_ensemble_fixed_pool_comment,AOT-style Ensemble,4,"7,19,31,43,59",5,0.508,0.508,0.508,0.9253333333333333,2.1044331884331884,455.6,3.0373333333333337,0.6284444444444445,"Budgets are the committed protocol budgets B=4/8/16 or B=4/8 for CyberSecEval, not B=10/20/40."
llmseceval,Qwen/Qwen2.5-Coder-0.5B-Instruct,aot_ensemble_fixed_pool_comment,AOT-style Ensemble,8,"7,19,31,43,59",5,0.6039999999999999,0.6039999999999999,0.6039999999999999,0.968,2.732698412698413,722.8,4.818666666666666,0.6284444444444445,"Budgets are the committed protocol budgets B=4/8/16 or B=4/8 for CyberSecEval, not B=10/20/40."
llmseceval,Qwen/Qwen2.5-Coder-0.5B-Instruct,aot_ensemble_fixed_pool_comment,AOT-style Ensemble,16,"7,19,31,43,59",5,0.7253333333333334,0.7253333333333334,0.7253333333333334,1.0,4.2380038921323315,1120.4,7.469333333333333,0.6284444444444445,"Budgets are the committed protocol budgets B=4/8/16 or B=4/8 for CyberSecEval, not B=10/20/40."
llmseceval,Qwen/Qwen2.5-Coder-0.5B-Instruct,classical_boundary_witness_comment,Classical Boundary Witness,4,"7,19,31,43,59",5,0.7133333333333334,0.7133333333333334,0.7133333333333334,0.9173333333333332,2.0019279221924258,386.2,2.574666666666667,0.8584444444444443,"Budgets are the committed protocol budgets B=4/8/16 or B=4/8 for CyberSecEval, not B=10/20/40."
llmseceval,Qwen/Qwen2.5-Coder-0.5B-Instruct,classical_boundary_witness_comment,Classical Boundary Witness,8,"7,19,31,43,59",5,0.8320000000000001,0.8320000000000001,0.8320000000000001,0.9813333333333333,2.634547706498796,530.4,3.536,0.8584444444444443,"Budgets are the committed protocol budgets B=4/8/16 or B=4/8 for CyberSecEval, not B=10/20/40."
llmseceval,Qwen/Qwen2.5-Coder-0.5B-Instruct,classical_boundary_witness_comment,Classical Boundary Witness,16,"7,19,31,43,59",5,0.9706666666666667,0.9706666666666667,0.9706666666666667,1.0,3.349995276334435,558.2,3.721333333333333,0.8584444444444443,"Budgets are the committed protocol budgets B=4/8/16 or B=4/8 for CyberSecEval, not B=10/20/40."
llmseceval,Qwen/Qwen2.5-Coder-0.5B-Instruct,fair_random_comment,Random Search,4,"7,19,31,43,59",5,0.492,0.492,0.492,0.9426666666666665,1.9904898728101101,452.8,3.0186666666666664,0.7000000000000001,"Budgets are the committed protocol budgets B=4/8/16 or B=4/8 for CyberSecEval, not B=10/20/40."
llmseceval,Qwen/Qwen2.5-Coder-0.5B-Instruct,fair_random_comment,Random Search,8,"7,19,31,43,59",5,0.6786666666666668,0.6786666666666668,0.6786666666666668,0.9893333333333333,3.017802596413676,692.4,4.616,0.7000000000000001,"Budgets are the committed protocol budgets B=4/8/16 or B=4/8 for CyberSecEval, not B=10/20/40."
llmseceval,Qwen/Qwen2.5-Coder-0.5B-Instruct,fair_random_comment,Random Search,16,"7,19,31,43,59",5,0.836,0.836,0.836,0.9986666666666666,5.135611821460221,1037.4,6.9159999999999995,0.7000000000000001,"Budgets are the committed protocol budgets B=4/8/16 or B=4/8 for CyberSecEval, not B=10/20/40."
llmseceval,Qwen/Qwen2.5-Coder-0.5B-Instruct,fair_risk_prior_comment,Risk Prior,4,"7,19,31,43,59",5,0.4573333333333333,0.4573333333333333,0.4573333333333333,0.8866666666666667,2.008610400682012,463.4,3.0893333333333333,0.587111111111111,"Budgets are the committed protocol budgets B=4/8/16 or B=4/8 for CyberSecEval, not B=10/20/40."
llmseceval,Qwen/Qwen2.5-Coder-0.5B-Instruct,fair_risk_prior_comment,Risk Prior,8,"7,19,31,43,59",5,0.5880000000000001,0.5880000000000001,0.5880000000000001,0.9760000000000002,2.9947823840888543,758.6,5.057333333333334,0.587111111111111,"Budgets are the committed protocol budgets B=4/8/16 or B=4/8 for CyberSecEval, not B=10/20/40."
llmseceval,Qwen/Qwen2.5-Coder-0.5B-Instruct,fair_risk_prior_comment,Risk Prior,16,"7,19,31,43,59",5,0.6506666666666666,0.6506666666666666,0.6506666666666666,0.9866666666666667,3.667788764990532,1196.4,7.975999999999999,0.587111111111111,"Budgets are the committed protocol budgets B=4/8/16 or B=4/8 for CyberSecEval, not B=10/20/40."
llmseceval,Qwen/Qwen2.5-Coder-0.5B-Instruct,insec_fixed_pool_comment,INSEC-style Fixed-Pool Search,4,"7,19,31,43,59",5,0.46266666666666667,0.46266666666666667,0.46266666666666667,0.9693333333333334,2.0980243953061932,468.0,3.12,0.6153333333333334,"Budgets are the committed protocol budgets B=4/8/16 or B=4/8 for CyberSecEval, not B=10/20/40."
llmseceval,Qwen/Qwen2.5-Coder-0.5B-Instruct,insec_fixed_pool_comment,INSEC-style Fixed-Pool Search,8,"7,19,31,43,59",5,0.6186666666666667,0.6186666666666667,0.6186666666666667,0.9866666666666667,3.170196353436185,751.8,5.0120000000000005,0.6153333333333334,"Budgets are the committed protocol budgets B=4/8/16 or B=4/8 for CyberSecEval, not B=10/20/40."
llmseceval,Qwen/Qwen2.5-Coder-0.5B-Instruct,insec_fixed_pool_comment,INSEC-style Fixed-Pool Search,16,"7,19,31,43,59",5,0.6866666666666666,0.6866666666666666,0.6866666666666666,1.0,4.126213592233009,1177.0,7.846666666666667,0.6153333333333334,"Budgets are the committed protocol budgets B=4/8/16 or B=4/8 for CyberSecEval, not B=10/20/40."
llmseceval,Qwen/Qwen2.5-Coder-0.5B-Instruct,qscout_qbw_comment,QScout-QBW,4,"7,19,31,43,59",5,0.9,0.9,0.9,0.9866666666666667,1.4814814814814814,260.0,1.7333333333333336,0.9513333333333334,"Budgets are the committed protocol budgets B=4/8/16 or B=4/8 for CyberSecEval, not B=10/20/40."
llmseceval,Qwen/Qwen2.5-Coder-0.5B-Instruct,qscout_qbw_comment,QScout-QBW,8,"7,19,31,43,59",5,0.9493333333333333,0.9493333333333333,0.9493333333333333,0.9933333333333334,1.7218556091795527,306.0,2.04,0.9513333333333334,"Budgets are the committed protocol budgets B=4/8/16 or B=4/8 for CyberSecEval, not B=10/20/40."
llmseceval,Qwen/Qwen2.5-Coder-0.5B-Instruct,qscout_qbw_comment,QScout-QBW,16,"7,19,31,43,59",5,0.9800000000000001,0.9800000000000001,0.9800000000000001,1.0,2.017687074829932,344.6,2.2973333333333334,0.9513333333333334,"Budgets are the committed protocol budgets B=4/8/16 or B=4/8 for CyberSecEval, not B=10/20/40."
llmseceval,Qwen/Qwen2.5-Coder-1.5B-Instruct,aot_ensemble_fixed_pool_comment,AOT-style Ensemble,4,"7,19,31,43,59",5,0.5533333333333333,0.5533333333333333,0.5533333333333333,1.0,1.82159019352672,419.2,2.794666666666666,0.6606666666666666,"Budgets are the committed protocol budgets B=4/8/16 or B=4/8 for CyberSecEval, not B=10/20/40."
llmseceval,Qwen/Qwen2.5-Coder-1.5B-Instruct,aot_ensemble_fixed_pool_comment,AOT-style Ensemble,8,"7,19,31,43,59",5,0.6426666666666667,0.6426666666666667,0.6426666666666667,1.0,2.4912761976738604,669.0,4.460000000000001,0.6606666666666666,"Budgets are the committed protocol budgets B=4/8/16 or B=4/8 for CyberSecEval, not B=10/20/40."
llmseceval,Qwen/Qwen2.5-Coder-1.5B-Instruct,aot_ensemble_fixed_pool_comment,AOT-style Ensemble,16,"7,19,31,43,59",5,0.7413333333333334,0.7413333333333334,0.7413333333333334,1.0,3.653535606345341,1027.2,6.848000000000001,0.6606666666666666,"Budgets are the committed protocol budgets B=4/8/16 or B=4/8 for CyberSecEval, not B=10/20/40."
llmseceval,Qwen/Qwen2.5-Coder-1.5B-Instruct,classical_active_comment,Classical Active,4,"7,19,31,43,59",5,0.604,0.604,0.604,1.0,1.7060725633808194,392.2,2.614666666666667,0.8075555555555555,"Budgets are the committed protocol budgets B=4/8/16 or B=4/8 for CyberSecEval, not B=10/20/40."
llmseceval,Qwen/Qwen2.5-Coder-1.5B-Instruct,classical_active_comment,Classical Active,8,"7,19,31,43,59",5,0.8039999999999999,0.8039999999999999,0.8039999999999999,1.0,2.83977710610671,577.8,3.8519999999999994,0.8075555555555555,"Budgets are the committed protocol budgets B=4/8/16 or B=4/8 for CyberSecEval, not B=10/20/40."
llmseceval,Qwen/Qwen2.5-Coder-1.5B-Instruct,classical_active_comment,Classical Active,16,"7,19,31,43,59",5,0.9146666666666666,0.9146666666666666,0.9146666666666666,1.0,3.7720009822970306,722.4,4.816,0.8075555555555555,"Budgets are the committed protocol budgets B=4/8/16 or B=4/8 for CyberSecEval, not B=10/20/40."
llmseceval,Qwen/Qwen2.5-Coder-1.5B-Instruct,classical_boundary_witness_comment,Classical Boundary Witness,4,"7,19,31,43,59",5,0.792,0.792,0.792,1.0,1.717082110664545,328.8,2.192,0.8866666666666667,"Budgets are the committed protocol budgets B=4/8/16 or B=4/8 for CyberSecEval, not B=10/20/40."
llmseceval,Qwen/Qwen2.5-Coder-1.5B-Instruct,classical_boundary_witness_comment,Classical Boundary Witness,8,"7,19,31,43,59",5,0.8906666666666666,0.8906666666666666,0.8906666666666666,1.0,2.178054256703118,422.2,2.8146666666666667,0.8866666666666667,"Budgets are the committed protocol budgets B=4/8/16 or B=4/8 for CyberSecEval, not B=10/20/40."
llmseceval,Qwen/Qwen2.5-Coder-1.5B-Instruct,classical_boundary_witness_comment,Classical Boundary Witness,16,"7,19,31,43,59",5,0.9280000000000002,0.9280000000000002,0.9280000000000002,1.0,2.67933033089849,546.0,3.6399999999999997,0.8866666666666667,"Budgets are the committed protocol budgets B=4/8/16 or B=4/8 for CyberSecEval, not B=10/20/40."
llmseceval,Qwen/Qwen2.5-Coder-1.5B-Instruct,fair_random_comment,Random Search,4,"7,19,31,43,59",5,0.5893333333333333,0.5893333333333333,0.5893333333333333,1.0,1.7856571740355889,404.4,2.696,0.7333333333333333,"Budgets are the committed protocol budgets B=4/8/16 or B=4/8 for CyberSecEval, not B=10/20/40."
llmseceval,Qwen/Qwen2.5-Coder-1.5B-Instruct,fair_random_comment,Random Search,8,"7,19,31,43,59",5,0.712,0.712,0.712,1.0,2.4653088032042505,608.8,4.058666666666666,0.7333333333333333,"Budgets are the committed protocol budgets B=4/8/16 or B=4/8 for CyberSecEval, not B=10/20/40."
llmseceval,Qwen/Qwen2.5-Coder-1.5B-Instruct,fair_random_comment,Random Search,16,"7,19,31,43,59",5,0.8373333333333333,0.8373333333333333,0.8373333333333333,1.0,4.0980305870453595,905.4,6.036,0.7333333333333333,"Budgets are the committed protocol budgets B=4/8/16 or B=4/8 for CyberSecEval, not B=10/20/40."
llmseceval,Qwen/Qwen2.5-Coder-1.5B-Instruct,fair_risk_prior_comment,Risk Prior,4,"7,19,31,43,59",5,0.5533333333333333,0.5533333333333333,0.5533333333333333,1.0,1.6819277108433734,407.6,2.7173333333333334,0.6453333333333333,"Budgets are the committed protocol budgets B=4/8/16 or B=4/8 for CyberSecEval, not B=10/20/40."
llmseceval,Qwen/Qwen2.5-Coder-1.5B-Instruct,fair_risk_prior_comment,Risk Prior,8,"7,19,31,43,59",5,0.6439999999999999,0.6439999999999999,0.6439999999999999,1.0,2.3495822029300055,654.2,4.361333333333333,0.6453333333333333,"Budgets are the committed protocol budgets B=4/8/16 or B=4/8 for CyberSecEval, not B=10/20/40."
llmseceval,Qwen/Qwen2.5-Coder-1.5B-Instruct,fair_risk_prior_comment,Risk Prior,16,"7,19,31,43,59",5,0.6933333333333334,0.6933333333333334,0.6933333333333334,1.0,2.994230769230769,1047.4,6.982666666666667,0.6453333333333333,"Budgets are the committed protocol budgets B=4/8/16 or B=4/8 for CyberSecEval, not B=10/20/40."
llmseceval,Qwen/Qwen2.5-Coder-1.5B-Instruct,insec_fixed_pool_comment,INSEC-style Fixed-Pool Search,4,"7,19,31,43,59",5,0.5040000000000001,0.5040000000000001,0.5040000000000001,1.0,1.692982456140351,425.6,2.8373333333333335,0.6477777777777778,"Budgets are the committed protocol budgets B=4/8/16 or B=4/8 for CyberSecEval, not B=10/20/40."
llmseceval,Qwen/Qwen2.5-Coder-1.5B-Instruct,insec_fixed_pool_comment,INSEC-style Fixed-Pool Search,8,"7,19,31,43,59",5,0.6546666666666667,0.6546666666666667,0.6546666666666667,1.0,2.7287626953311785,682.4,4.549333333333332,0.6477777777777778,"Budgets are the committed protocol budgets B=4/8/16 or B=4/8 for CyberSecEval, not B=10/20/40."
llmseceval,Qwen/Qwen2.5-Coder-1.5B-Instruct,insec_fixed_pool_comment,INSEC-style Fixed-Pool Search,16,"7,19,31,43,59",5,0.7093333333333334,0.7093333333333334,0.7093333333333334,1.0,3.4151472403456182,1061.0,7.073333333333333,0.6477777777777778,"Budgets are the committed protocol budgets B=4/8/16 or B=4/8 for CyberSecEval, not B=10/20/40."
llmseceval,Qwen/Qwen2.5-Coder-1.5B-Instruct,qscout_qbw_comment,QScout-QBW,4,"7,19,31,43,59",5,0.8266666666666665,0.8266666666666665,0.8266666666666665,1.0,1.4193548387096775,280.0,1.8666666666666667,0.9062222222222222,"Budgets are the committed protocol budgets B=4/8/16 or B=4/8 for CyberSecEval, not B=10/20/40."
llmseceval,Qwen/Qwen2.5-Coder-1.5B-Instruct,qscout_qbw_comment,QScout-QBW,8,"7,19,31,43,59",5,0.9146666666666666,0.9146666666666666,0.9146666666666666,1.0,1.804612292393949,350.0,2.3333333333333335,0.9062222222222222,"Budgets are the committed protocol budgets B=4/8/16 or B=4/8 for CyberSecEval, not B=10/20/40."
llmseceval,Qwen/Qwen2.5-Coder-1.5B-Instruct,qscout_qbw_comment,QScout-QBW,16,"7,19,31,43,59",5,0.9333333333333333,0.9333333333333333,0.9333333333333333,1.0,1.9942857142857142,439.2,2.928,0.9062222222222222,"Budgets are the committed protocol budgets B=4/8/16 or B=4/8 for CyberSecEval, not B=10/20/40."
securityeval,Qwen/Qwen2.5-Coder-0.5B-Instruct,aot_ensemble_fixed_pool_comment,AOT-style Ensemble,4,"7,19,31,43,59",5,0.659504132231405,0.659504132231405,0.659504132231405,1.0,1.3132172995780589,269.6,2.2280991735537192,0.7567493112947657,"Budgets are the committed protocol budgets B=4/8/16 or B=4/8 for CyberSecEval, not B=10/20/40."
securityeval,Qwen/Qwen2.5-Coder-0.5B-Instruct,aot_ensemble_fixed_pool_comment,AOT-style Ensemble,8,"7,19,31,43,59",5,0.7305785123966941,0.7305785123966941,0.7388429752066115,1.0,1.7711950970377934,417.4,3.449586776859504,0.7567493112947657,"Budgets are the committed protocol budgets B=4/8/16 or B=4/8 for CyberSecEval, not B=10/20/40."
securityeval,Qwen/Qwen2.5-Coder-0.5B-Instruct,aot_ensemble_fixed_pool_comment,AOT-style Ensemble,16,"7,19,31,43,59",5,0.8446280991735536,0.8446280991735536,0.8495867768595042,1.0,3.2303864081439557,631.0,5.214876033057851,0.7567493112947657,"Budgets are the committed protocol budgets B=4/8/16 or B=4/8 for CyberSecEval, not B=10/20/40."
securityeval,Qwen/Qwen2.5-Coder-0.5B-Instruct,classical_boundary_witness_comment,Classical Boundary Witness,4,"7,19,31,43,59",5,0.7239669421487603,0.7239669421487603,0.737190082644628,1.0,1.5433124346917448,268.8,2.221487603305785,0.8611570247933885,"Budgets are the committed protocol budgets B=4/8/16 or B=4/8 for CyberSecEval, not B=10/20/40."
securityeval,Qwen/Qwen2.5-Coder-0.5B-Instruct,classical_boundary_witness_comment,Classical Boundary Witness,8,"7,19,31,43,59",5,0.8330578512396695,0.8330578512396695,0.8347107438016529,1.0,2.2727740601190973,390.8,3.229752066115702,0.8611570247933885,"Budgets are the committed protocol budgets B=4/8/16 or B=4/8 for CyberSecEval, not B=10/20/40."
securityeval,Qwen/Qwen2.5-Coder-0.5B-Instruct,classical_boundary_witness_comment,Classical Boundary Witness,16,"7,19,31,43,59",5,0.9719008264462812,0.9719008264462812,0.9719008264462812,1.0,3.3349549853386167,446.8,3.6925619834710743,0.8611570247933885,"Budgets are the committed protocol budgets B=4/8/16 or B=4/8 for CyberSecEval, not B=10/20/40."
securityeval,Qwen/Qwen2.5-Coder-0.5B-Instruct,fair_random_comment,Random Search,4,"7,19,31,43,59",5,0.6859504132231404,0.6859504132231404,0.6892561983471074,1.0,1.527566168009206,279.0,2.3057851239669422,0.8016528925619836,"Budgets are the committed protocol budgets B=4/8/16 or B=4/8 for CyberSecEval, not B=10/20/40."
securityeval,Qwen/Qwen2.5-Coder-0.5B-Instruct,fair_random_comment,Random Search,8,"7,19,31,43,59",5,0.771900826446281,0.771900826446281,0.7785123966942149,1.0,2.0593279551462245,413.6,3.418181818181818,0.8016528925619836,"Budgets are the committed protocol budgets B=4/8/16 or B=4/8 for CyberSecEval, not B=10/20/40."
securityeval,Qwen/Qwen2.5-Coder-0.5B-Instruct,fair_random_comment,Random Search,16,"7,19,31,43,59",5,0.9041322314049587,0.9041322314049587,0.9107438016528926,1.0,3.4440328396969813,563.0,4.652892561983471,0.8016528925619836,"Budgets are the committed protocol budgets B=4/8/16 or B=4/8 for CyberSecEval, not B=10/20/40."
securityeval,Qwen/Qwen2.5-Coder-0.5B-Instruct,fair_risk_prior_comment,Risk Prior,4,"7,19,31,43,59",5,0.6528925619834711,0.6528925619834711,0.6528925619834711,1.0,1.3721518987341772,276.4,2.2842975206611573,0.7168044077134986,"Budgets are the committed protocol budgets B=4/8/16 or B=4/8 for CyberSecEval, not B=10/20/40."
securityeval,Qwen/Qwen2.5-Coder-0.5B-Instruct,fair_risk_prior_comment,Risk Prior,8,"7,19,31,43,59",5,0.6991735537190082,0.6991735537190082,0.7074380165289256,1.0,1.7255742296918768,437.2,3.6132231404958675,0.7168044077134986,"Budgets are the committed protocol budgets B=4/8/16 or B=4/8 for CyberSecEval, not B=10/20/40."
securityeval,Qwen/Qwen2.5-Coder-0.5B-Instruct,fair_risk_prior_comment,Risk Prior,16,"7,19,31,43,59",5,0.7752066115702478,0.7752066115702478,0.7834710743801654,1.0,2.833584991992679,701.0,5.793388429752065,0.7168044077134986,"Budgets are the committed protocol budgets B=4/8/16 or B=4/8 for CyberSecEval, not B=10/20/40."
securityeval,Qwen/Qwen2.5-Coder-0.5B-Instruct,insec_fixed_pool_comment,INSEC-style Fixed-Pool Search,4,"7,19,31,43,59",5,0.631404958677686,0.631404958677686,0.631404958677686,1.0,1.2826042378673956,276.4,2.284297520661157,0.734435261707989,"Budgets are the committed protocol budgets B=4/8/16 or B=4/8 for CyberSecEval, not B=10/20/40."
securityeval,Qwen/Qwen2.5-Coder-0.5B-Instruct,insec_fixed_pool_comment,INSEC-style Fixed-Pool Search,8,"7,19,31,43,59",5,0.7239669421487605,0.7239669421487605,0.7322314049586778,1.0,1.9313740856844306,436.4,3.6066115702479338,0.734435261707989,"Budgets are the committed protocol budgets B=4/8/16 or B=4/8 for CyberSecEval, not B=10/20/40."
securityeval,Qwen/Qwen2.5-Coder-0.5B-Instruct,insec_fixed_pool_comment,INSEC-style Fixed-Pool Search,16,"7,19,31,43,59",5,0.8016528925619835,0.8016528925619835,0.8099173553719009,1.0,2.868041237113402,662.2,5.472727272727273,0.734435261707989,"Budgets are the committed protocol budgets B=4/8/16 or B=4/8 for CyberSecEval, not B=10/20/40."
securityeval,Qwen/Qwen2.5-Coder-0.5B-Instruct,qscout_qbw_comment,QScout-QBW,4,"7,19,31,43,59",5,0.912396694214876,0.912396694214876,0.9289256198347108,1.0,2.0054545454545454,263.8,2.1801652892561982,0.975482093663912,"Budgets are the committed protocol budgets B=4/8/16 or B=4/8 for CyberSecEval, not B=10/20/40."
securityeval,Qwen/Qwen2.5-Coder-0.5B-Instruct,qscout_qbw_comment,QScout-QBW,8,"7,19,31,43,59",5,0.9801652892561984,0.9801652892561984,0.9801652892561984,1.0,2.332217632815838,295.8,2.4446280991735536,0.975482093663912,"Budgets are the committed protocol budgets B=4/8/16 or B=4/8 for CyberSecEval, not B=10/20/40."
securityeval,Qwen/Qwen2.5-Coder-0.5B-Instruct,qscout_qbw_comment,QScout-QBW,16,"7,19,31,43,59",5,1.0,1.0,1.0,1.0,2.6280991735537187,318.0,2.6280991735537187,0.975482093663912,"Budgets are the committed protocol budgets B=4/8/16 or B=4/8 for CyberSecEval, not B=10/20/40."
securityeval,Qwen/Qwen2.5-Coder-1.5B-Instruct,aot_ensemble_fixed_pool_comment,AOT-style Ensemble,4,"7,19,31,43,59",5,0.7074380165289256,0.7074380165289256,0.7074380165289256,1.0,1.621450068399453,280.4,2.317355371900826,0.8181818181818182,"Budgets are the committed protocol budgets B=4/8/16 or B=4/8 for CyberSecEval, not B=10/20/40."
securityeval,Qwen/Qwen2.5-Coder-1.5B-Instruct,aot_ensemble_fixed_pool_comment,AOT-style Ensemble,8,"7,19,31,43,59",5,0.8165289256198347,0.8165289256198347,0.8165289256198347,1.0,2.218532261389404,396.8,3.279338842975206,0.8181818181818182,"Budgets are the committed protocol budgets B=4/8/16 or B=4/8 for CyberSecEval, not B=10/20/40."
securityeval,Qwen/Qwen2.5-Coder-1.5B-Instruct,aot_ensemble_fixed_pool_comment,AOT-style Ensemble,16,"7,19,31,43,59",5,0.8760330578512395,0.8760330578512395,0.8760330578512395,1.0,2.957508291978403,553.6,4.575206611570248,0.8181818181818182,"Budgets are the committed protocol budgets B=4/8/16 or B=4/8 for CyberSecEval, not B=10/20/40."
securityeval,Qwen/Qwen2.5-Coder-1.5B-Instruct,classical_boundary_witness_comment,Classical Boundary Witness,4,"7,19,31,43,59",5,0.7322314049586777,0.7322314049586777,0.7322314049586777,1.0,1.6364804965579858,274.6,2.2694214876033056,0.8809917355371901,"Budgets are the committed protocol budgets B=4/8/16 or B=4/8 for CyberSecEval, not B=10/20/40."
securityeval,Qwen/Qwen2.5-Coder-1.5B-Instruct,classical_boundary_witness_comment,Classical Boundary Witness,8,"7,19,31,43,59",5,0.8644628099173554,0.8644628099173554,0.8644628099173554,1.0,2.3930565346603085,381.6,3.1537190082644626,0.8809917355371901,"Budgets are the committed protocol budgets B=4/8/16 or B=4/8 for CyberSecEval, not B=10/20/40."
securityeval,Qwen/Qwen2.5-Coder-1.5B-Instruct,classical_boundary_witness_comment,Classical Boundary Witness,16,"7,19,31,43,59",5,0.9801652892561984,0.9801652892561984,0.9801652892561984,1.0,3.0356217063096427,398.4,3.2925619834710744,0.8809917355371901,"Budgets are the committed protocol budgets B=4/8/16 or B=4/8 for CyberSecEval, not B=10/20/40."
securityeval,Qwen/Qwen2.5-Coder-1.5B-Instruct,fair_random_comment,Random Search,4,"7,19,31,43,59",5,0.6809917355371901,0.6809917355371901,0.684297520661157,1.0,1.5109532743679084,279.0,2.3057851239669422,0.8250688705234159,"Budgets are the committed protocol budgets B=4/8/16 or B=4/8 for CyberSecEval, not B=10/20/40."
securityeval,Qwen/Qwen2.5-Coder-1.5B-Instruct,fair_random_comment,Random Search,8,"7,19,31,43,59",5,0.7950413223140496,0.7950413223140496,0.7950413223140496,1.0,2.1598601914229176,406.2,3.3570247933884296,0.8250688705234159,"Budgets are the committed protocol budgets B=4/8/16 or B=4/8 for CyberSecEval, not B=10/20/40."
securityeval,Qwen/Qwen2.5-Coder-1.5B-Instruct,fair_random_comment,Random Search,16,"7,19,31,43,59",5,0.9421487603305785,0.9421487603305785,0.9421487603305785,1.0,3.3165225760325576,490.2,4.051239669421487,0.8250688705234159,"Budgets are the committed protocol budgets B=4/8/16 or B=4/8 for CyberSecEval, not B=10/20/40."
securityeval,Qwen/Qwen2.5-Coder-1.5B-Instruct,fair_risk_prior_comment,Risk Prior,4,"7,19,31,43,59",5,0.6975206611570248,0.6975206611570248,0.6975206611570248,1.0,1.4737815126050422,270.8,2.2380165289256198,0.7895316804407714,"Budgets are the committed protocol budgets B=4/8/16 or B=4/8 for CyberSecEval, not B=10/20/40."
securityeval,Qwen/Qwen2.5-Coder-1.5B-Instruct,fair_risk_prior_comment,Risk Prior,8,"7,19,31,43,59",5,0.7933884297520661,0.7933884297520661,0.7933884297520661,1.0,2.0666666666666664,398.4,3.2925619834710744,0.7895316804407714,"Budgets are the committed protocol budgets B=4/8/16 or B=4/8 for CyberSecEval, not B=10/20/40."
securityeval,Qwen/Qwen2.5-Coder-1.5B-Instruct,fair_risk_prior_comment,Risk Prior,16,"7,19,31,43,59",5,0.8297520661157025,0.8297520661157025,0.8297520661157025,1.0,2.5191427142714273,582.6,4.8148760330578515,0.7895316804407714,"Budgets are the committed protocol budgets B=4/8/16 or B=4/8 for CyberSecEval, not B=10/20/40."
securityeval,Qwen/Qwen2.5-Coder-1.5B-Instruct,insec_fixed_pool_comment,INSEC-style Fixed-Pool Search,4,"7,19,31,43,59",5,0.6380165289256198,0.6380165289256198,0.6380165289256198,1.0,1.4118215118215118,284.2,2.3487603305785125,0.784297520661157,"Budgets are the committed protocol budgets B=4/8/16 or B=4/8 for CyberSecEval, not B=10/20/40."
securityeval,Qwen/Qwen2.5-Coder-1.5B-Instruct,insec_fixed_pool_comment,INSEC-style Fixed-Pool Search,8,"7,19,31,43,59",5,0.7884297520661157,0.7884297520661157,0.7884297520661157,1.0,2.3814254385964913,432.0,3.5702479338842976,0.784297520661157,"Budgets are the committed protocol budgets B=4/8/16 or B=4/8 for CyberSecEval, not B=10/20/40."
securityeval,Qwen/Qwen2.5-Coder-1.5B-Instruct,insec_fixed_pool_comment,INSEC-style Fixed-Pool Search,16,"7,19,31,43,59",5,0.8512396694214877,0.8512396694214877,0.8512396694214877,1.0,3.0233009708737866,599.4,4.953719008264463,0.784297520661157,"Budgets are the committed protocol budgets B=4/8/16 or B=4/8 for CyberSecEval, not B=10/20/40."
securityeval,Qwen/Qwen2.5-Coder-1.5B-Instruct,qscout_qbw_comment,QScout-QBW,4,"7,19,31,43,59",5,0.9008264462809917,0.9008264462809917,0.9008264462809917,1.0,2.0236184474716583,268.6,2.2198347107438012,0.9793388429752067,"Budgets are the committed protocol budgets B=4/8/16 or B=4/8 for CyberSecEval, not B=10/20/40."
securityeval,Qwen/Qwen2.5-Coder-1.5B-Instruct,qscout_qbw_comment,QScout-QBW,8,"7,19,31,43,59",5,0.9917355371900827,0.9917355371900827,0.9917355371900827,1.0,2.3983333333333334,295.8,2.4446280991735536,0.9793388429752067,"Budgets are the committed protocol budgets B=4/8/16 or B=4/8 for CyberSecEval, not B=10/20/40."
securityeval,Qwen/Qwen2.5-Coder-1.5B-Instruct,qscout_qbw_comment,QScout-QBW,16,"7,19,31,43,59",5,1.0,1.0,1.0,1.0,2.512396694214876,304.0,2.512396694214876,0.9793388429752067,"Budgets are the committed protocol budgets B=4/8/16 or B=4/8 for CyberSecEval, not B=10/20/40."
