artifact_group,dataset,model,budget,strategy,task_rows,effective_rows,vulnerable_rows,functional_rows,effective_rate,vulnerable_nonfunctional_rate,functional_not_vulnerable_rate,neither_rate,mean_attempts,mean_attempt_to_success,first_attempt_success_rate
cyberseceval,cyberseceval,Qwen/Qwen2.5-Coder-0.5B-Instruct,4,aot_ensemble_fixed_pool_comment,600,64,71,436,0.10666666666666667,0.008333333333333333,0.6166666666666667,0.265,3.8233333333333333,2.34375,0.03333333333333333
cyberseceval,cyberseceval,Qwen/Qwen2.5-Coder-0.5B-Instruct,4,classical_active_comment,600,69,75,435,0.115,0.008333333333333333,0.6083333333333333,0.26666666666666666,3.776666666666667,2.0579710144927534,0.045
cyberseceval,cyberseceval,Qwen/Qwen2.5-Coder-0.5B-Instruct,4,classical_boundary_witness_comment,600,53,63,428,0.08833333333333333,0.008333333333333333,0.6166666666666667,0.2783333333333333,3.8433333333333333,2.2264150943396226,0.041666666666666664
cyberseceval,cyberseceval,Qwen/Qwen2.5-Coder-0.5B-Instruct,4,fair_random_comment,600,41,49,446,0.06833333333333333,0.008333333333333333,0.67,0.24833333333333332,3.861666666666667,1.975609756097561,0.03
cyberseceval,cyberseceval,Qwen/Qwen2.5-Coder-0.5B-Instruct,4,insec_fixed_pool_comment,600,45,55,425,0.075,0.008333333333333333,0.625,0.2833333333333333,3.8566666666666665,2.088888888888889,0.016666666666666666
cyberseceval,cyberseceval,Qwen/Qwen2.5-Coder-0.5B-Instruct,4,qscout_qbw_comment,600,93,99,445,0.155,0.008333333333333333,0.585,0.25,3.703333333333333,2.086021505376344,0.056666666666666664
cyberseceval,cyberseceval,Qwen/Qwen2.5-Coder-0.5B-Instruct,8,aot_ensemble_fixed_pool_comment,600,82,87,469,0.13666666666666666,0.008333333333333333,0.645,0.21,7.341666666666667,3.182926829268293,0.03333333333333333
cyberseceval,cyberseceval,Qwen/Qwen2.5-Coder-0.5B-Instruct,8,classical_active_comment,600,93,98,465,0.155,0.008333333333333333,0.62,0.21666666666666667,7.265,3.2580645161290325,0.045
cyberseceval,cyberseceval,Qwen/Qwen2.5-Coder-0.5B-Instruct,8,classical_boundary_witness_comment,600,90,95,475,0.15,0.008333333333333333,0.6416666666666667,0.2,7.376666666666667,3.8444444444444446,0.03333333333333333
cyberseceval,cyberseceval,Qwen/Qwen2.5-Coder-0.5B-Instruct,8,fair_random_comment,600,77,85,487,0.12833333333333333,0.006666666666666667,0.6766666666666666,0.18166666666666667,7.453333333333333,3.74025974025974,0.028333333333333332
cyberseceval,cyberseceval,Qwen/Qwen2.5-Coder-0.5B-Instruct,8,insec_fixed_pool_comment,600,75,80,467,0.125,0.008333333333333333,0.6533333333333333,0.21333333333333335,7.526666666666666,4.213333333333333,0.016666666666666666
cyberseceval,cyberseceval,Qwen/Qwen2.5-Coder-0.5B-Instruct,8,qscout_qbw_comment,600,106,111,479,0.17666666666666667,0.008333333333333333,0.6216666666666667,0.19333333333333333,7.033333333333333,2.5283018867924527,0.056666666666666664
main,llmseceval,Qwen/Qwen2.5-Coder-0.5B-Instruct,4,aot_ensemble_fixed_pool_comment,750,381,381,694,0.508,0.0,0.41733333333333333,0.07466666666666667,3.037333333333333,2.10498687664042,0.19333333333333333
main,llmseceval,Qwen/Qwen2.5-Coder-0.5B-Instruct,4,classical_boundary_witness_comment,750,535,535,688,0.7133333333333334,0.0,0.204,0.08266666666666667,2.574666666666667,2.0018691588785047,0.284
main,llmseceval,Qwen/Qwen2.5-Coder-0.5B-Instruct,4,fair_random_comment,750,369,369,707,0.492,0.0,0.45066666666666666,0.05733333333333333,3.018666666666667,2.005420054200542,0.236
main,llmseceval,Qwen/Qwen2.5-Coder-0.5B-Instruct,4,fair_risk_prior_comment,750,343,343,665,0.4573333333333333,0.0,0.42933333333333334,0.11333333333333333,3.0893333333333333,2.008746355685131,0.20666666666666667
main,llmseceval,Qwen/Qwen2.5-Coder-0.5B-Instruct,4,insec_fixed_pool_comment,750,347,347,727,0.46266666666666667,0.0,0.5066666666666667,0.030666666666666665,3.12,2.0979827089337175,0.15333333333333332
main,llmseceval,Qwen/Qwen2.5-Coder-0.5B-Instruct,4,qscout_qbw_comment,750,675,675,740,0.9,0.0,0.08666666666666667,0.013333333333333334,1.7333333333333334,1.4814814814814814,0.6133333333333333
main,llmseceval,Qwen/Qwen2.5-Coder-0.5B-Instruct,8,aot_ensemble_fixed_pool_comment,750,453,453,726,0.604,0.0,0.364,0.032,4.818666666666667,2.7328918322295808,0.19333333333333333
main,llmseceval,Qwen/Qwen2.5-Coder-0.5B-Instruct,8,classical_boundary_witness_comment,750,624,624,736,0.832,0.0,0.14933333333333335,0.018666666666666668,3.536,2.6346153846153846,0.284
main,llmseceval,Qwen/Qwen2.5-Coder-0.5B-Instruct,8,fair_random_comment,750,509,509,742,0.6786666666666666,0.0,0.31066666666666665,0.010666666666666666,4.616,3.013752455795678,0.22533333333333333
main,llmseceval,Qwen/Qwen2.5-Coder-0.5B-Instruct,8,fair_risk_prior_comment,750,441,441,732,0.588,0.0,0.388,0.024,5.057333333333333,2.99546485260771,0.20666666666666667
main,llmseceval,Qwen/Qwen2.5-Coder-0.5B-Instruct,8,insec_fixed_pool_comment,750,464,464,740,0.6186666666666667,0.0,0.368,0.013333333333333334,5.012,3.1702586206896552,0.15333333333333332
main,llmseceval,Qwen/Qwen2.5-Coder-0.5B-Instruct,8,qscout_qbw_comment,750,712,712,745,0.9493333333333334,0.0,0.044,0.006666666666666667,2.04,1.7219101123595506,0.6133333333333333
main,llmseceval,Qwen/Qwen2.5-Coder-0.5B-Instruct,16,aot_ensemble_fixed_pool_comment,750,544,544,750,0.7253333333333334,0.0,0.27466666666666667,0.0,7.469333333333333,4.238970588235294,0.19066666666666668
main,llmseceval,Qwen/Qwen2.5-Coder-0.5B-Instruct,16,classical_boundary_witness_comment,750,728,728,750,0.9706666666666667,0.0,0.029333333333333333,0.0,3.7213333333333334,3.3502747252747254,0.284
main,llmseceval,Qwen/Qwen2.5-Coder-0.5B-Instruct,16,fair_random_comment,750,627,627,749,0.836,0.0,0.16266666666666665,0.0013333333333333333,6.916,5.133971291866029,0.20666666666666667
main,llmseceval,Qwen/Qwen2.5-Coder-0.5B-Instruct,16,fair_risk_prior_comment,750,488,488,740,0.6506666666666666,0.0,0.336,0.013333333333333334,7.976,3.668032786885246,0.20666666666666667
main,llmseceval,Qwen/Qwen2.5-Coder-0.5B-Instruct,16,insec_fixed_pool_comment,750,515,515,750,0.6866666666666666,0.0,0.31333333333333335,0.0,7.846666666666667,4.12621359223301,0.15333333333333332
main,llmseceval,Qwen/Qwen2.5-Coder-0.5B-Instruct,16,qscout_qbw_comment,750,735,735,750,0.98,0.0,0.02,0.0,2.2973333333333334,2.017687074829932,0.6133333333333333
main,llmseceval,Qwen/Qwen2.5-Coder-1.5B-Instruct,4,aot_ensemble_fixed_pool_comment,750,415,415,750,0.5533333333333333,0.0,0.44666666666666666,0.0,2.7946666666666666,1.8216867469879519,0.29333333333333333
main,llmseceval,Qwen/Qwen2.5-Coder-1.5B-Instruct,4,classical_active_comment,750,453,453,750,0.604,0.0,0.396,0.0,2.6146666666666665,1.706401766004415,0.352
main,llmseceval,Qwen/Qwen2.5-Coder-1.5B-Instruct,4,classical_boundary_witness_comment,750,594,594,750,0.792,0.0,0.208,0.0,2.192,1.7171717171717171,0.408
main,llmseceval,Qwen/Qwen2.5-Coder-1.5B-Instruct,4,fair_random_comment,750,442,442,750,0.5893333333333334,0.0,0.4106666666666667,0.0,2.696,1.7873303167420815,0.3413333333333333
main,llmseceval,Qwen/Qwen2.5-Coder-1.5B-Instruct,4,fair_risk_prior_comment,750,415,415,750,0.5533333333333333,0.0,0.44666666666666666,0.0,2.7173333333333334,1.6819277108433734,0.32666666666666666
main,llmseceval,Qwen/Qwen2.5-Coder-1.5B-Instruct,4,insec_fixed_pool_comment,750,378,378,750,0.504,0.0,0.496,0.0,2.8373333333333335,1.693121693121693,0.2866666666666667
main,llmseceval,Qwen/Qwen2.5-Coder-1.5B-Instruct,4,qscout_qbw_comment,750,620,620,750,0.8266666666666667,0.0,0.17333333333333334,0.0,1.8666666666666667,1.4193548387096775,0.5733333333333334
main,llmseceval,Qwen/Qwen2.5-Coder-1.5B-Instruct,8,aot_ensemble_fixed_pool_comment,750,482,482,750,0.6426666666666667,0.0,0.35733333333333334,0.0,4.46,2.491701244813278,0.29333333333333333
main,llmseceval,Qwen/Qwen2.5-Coder-1.5B-Instruct,8,classical_active_comment,750,603,603,750,0.804,0.0,0.196,0.0,3.852,2.8407960199004973,0.352
main,llmseceval,Qwen/Qwen2.5-Coder-1.5B-Instruct,8,classical_boundary_witness_comment,750,668,668,750,0.8906666666666667,0.0,0.10933333333333334,0.0,2.8146666666666667,2.17814371257485,0.408
main,llmseceval,Qwen/Qwen2.5-Coder-1.5B-Instruct,8,fair_random_comment,750,534,534,750,0.712,0.0,0.288,0.0,4.058666666666666,2.4644194756554305,0.36
main,llmseceval,Qwen/Qwen2.5-Coder-1.5B-Instruct,8,fair_risk_prior_comment,750,483,483,750,0.644,0.0,0.356,0.0,4.3613333333333335,2.349896480331263,0.32666666666666666
main,llmseceval,Qwen/Qwen2.5-Coder-1.5B-Instruct,8,insec_fixed_pool_comment,750,491,491,750,0.6546666666666666,0.0,0.3453333333333333,0.0,4.549333333333333,2.7291242362525456,0.2866666666666667
main,llmseceval,Qwen/Qwen2.5-Coder-1.5B-Instruct,8,qscout_qbw_comment,750,686,686,750,0.9146666666666666,0.0,0.08533333333333333,0.0,2.3333333333333335,1.80466472303207,0.5733333333333334
main,llmseceval,Qwen/Qwen2.5-Coder-1.5B-Instruct,16,aot_ensemble_fixed_pool_comment,750,556,556,750,0.7413333333333333,0.0,0.25866666666666666,0.0,6.848,3.6546762589928057,0.292
main,llmseceval,Qwen/Qwen2.5-Coder-1.5B-Instruct,16,classical_active_comment,750,686,686,750,0.9146666666666666,0.0,0.08533333333333333,0.0,4.816,3.772594752186589,0.3586666666666667
main,llmseceval,Qwen/Qwen2.5-Coder-1.5B-Instruct,16,classical_boundary_witness_comment,750,696,696,750,0.928,0.0,0.072,0.0,3.64,2.6810344827586206,0.32
main,llmseceval,Qwen/Qwen2.5-Coder-1.5B-Instruct,16,fair_random_comment,750,628,628,750,0.8373333333333334,0.0,0.16266666666666665,0.0,6.036,4.100318471337579,0.328
main,llmseceval,Qwen/Qwen2.5-Coder-1.5B-Instruct,16,fair_risk_prior_comment,750,520,520,750,0.6933333333333334,0.0,0.30666666666666664,0.0,6.982666666666667,2.9942307692307693,0.32666666666666666
main,llmseceval,Qwen/Qwen2.5-Coder-1.5B-Instruct,16,insec_fixed_pool_comment,750,532,532,750,0.7093333333333334,0.0,0.2906666666666667,0.0,7.073333333333333,3.4154135338345863,0.2866666666666667
main,llmseceval,Qwen/Qwen2.5-Coder-1.5B-Instruct,16,qscout_qbw_comment,750,700,700,750,0.9333333333333333,0.0,0.06666666666666667,0.0,2.928,1.9942857142857142,0.5733333333333334
main,securityeval,Qwen/Qwen2.5-Coder-0.5B-Instruct,4,aot_ensemble_fixed_pool_comment,605,399,399,605,0.6595041322314049,0.0,0.34049586776859503,0.0,2.2280991735537192,1.31328320802005,0.5173553719008265
main,securityeval,Qwen/Qwen2.5-Coder-0.5B-Instruct,4,classical_boundary_witness_comment,605,438,446,605,0.7239669421487603,0.0,0.2628099173553719,0.0,2.221487603305785,1.54337899543379,0.5190082644628099
main,securityeval,Qwen/Qwen2.5-Coder-0.5B-Instruct,4,fair_random_comment,605,415,417,605,0.6859504132231405,0.0,0.31074380165289256,0.0,2.3057851239669422,1.5301204819277108,0.4628099173553719
main,securityeval,Qwen/Qwen2.5-Coder-0.5B-Instruct,4,fair_risk_prior_comment,605,395,395,605,0.6528925619834711,0.0,0.34710743801652894,0.0,2.284297520661157,1.3721518987341772,0.5206611570247934
main,securityeval,Qwen/Qwen2.5-Coder-0.5B-Instruct,4,insec_fixed_pool_comment,605,382,382,605,0.631404958677686,0.0,0.3685950413223141,0.0,2.284297520661157,1.2827225130890052,0.48760330578512395
main,securityeval,Qwen/Qwen2.5-Coder-0.5B-Instruct,4,qscout_qbw_comment,605,552,562,605,0.912396694214876,0.0,0.07107438016528926,0.0,2.1801652892561982,2.005434782608696,0.5190082644628099
main,securityeval,Qwen/Qwen2.5-Coder-0.5B-Instruct,8,aot_ensemble_fixed_pool_comment,605,442,447,605,0.7305785123966942,0.0,0.2611570247933884,0.0,3.4495867768595043,1.7714932126696832,0.5173553719008265
main,securityeval,Qwen/Qwen2.5-Coder-0.5B-Instruct,8,classical_boundary_witness_comment,605,504,505,605,0.8330578512396695,0.0,0.1652892561983471,0.0,3.2297520661157026,2.2738095238095237,0.5190082644628099
main,securityeval,Qwen/Qwen2.5-Coder-0.5B-Instruct,8,fair_random_comment,605,467,471,605,0.771900826446281,0.0,0.22148760330578512,0.0,3.418181818181818,2.06423982869379,0.47107438016528924
main,securityeval,Qwen/Qwen2.5-Coder-0.5B-Instruct,8,fair_risk_prior_comment,605,423,428,605,0.6991735537190082,0.0,0.29256198347107437,0.0,3.613223140495868,1.7257683215130024,0.5206611570247934
main,securityeval,Qwen/Qwen2.5-Coder-0.5B-Instruct,8,insec_fixed_pool_comment,605,438,443,605,0.7239669421487603,0.0,0.26776859504132233,0.0,3.6066115702479338,1.9315068493150684,0.48760330578512395
main,securityeval,Qwen/Qwen2.5-Coder-0.5B-Instruct,8,qscout_qbw_comment,605,593,593,605,0.9801652892561984,0.0,0.019834710743801654,0.0,2.4446280991735536,2.3322091062394605,0.5190082644628099
main,securityeval,Qwen/Qwen2.5-Coder-0.5B-Instruct,16,aot_ensemble_fixed_pool_comment,605,511,514,605,0.8446280991735537,0.0,0.15041322314049588,0.0,5.214876033057851,3.2309197651663406,0.5190082644628099
main,securityeval,Qwen/Qwen2.5-Coder-0.5B-Instruct,16,classical_boundary_witness_comment,605,588,588,605,0.971900826446281,0.0,0.02809917355371901,0.0,3.6925619834710743,3.336734693877551,0.49586776859504134
main,securityeval,Qwen/Qwen2.5-Coder-0.5B-Instruct,16,fair_random_comment,605,547,551,605,0.9041322314049587,0.0,0.08925619834710743,0.0,4.652892561983471,3.449725776965265,0.4512396694214876
main,securityeval,Qwen/Qwen2.5-Coder-0.5B-Instruct,16,fair_risk_prior_comment,605,469,474,605,0.775206611570248,0.0,0.21652892561983472,0.0,5.793388429752066,2.833688699360341,0.5206611570247934
main,securityeval,Qwen/Qwen2.5-Coder-0.5B-Instruct,16,insec_fixed_pool_comment,605,485,490,605,0.8016528925619835,0.0,0.19008264462809918,0.0,5.472727272727273,2.868041237113402,0.48760330578512395
main,securityeval,Qwen/Qwen2.5-Coder-0.5B-Instruct,16,qscout_qbw_comment,605,605,605,605,1.0,0.0,0.0,0.0,2.628099173553719,2.628099173553719,0.49586776859504134
main,securityeval,Qwen/Qwen2.5-Coder-1.5B-Instruct,4,aot_ensemble_fixed_pool_comment,605,428,428,605,0.7074380165289256,0.0,0.29256198347107437,0.0,2.3173553719008266,1.6214953271028036,0.46611570247933887
main,securityeval,Qwen/Qwen2.5-Coder-1.5B-Instruct,4,classical_boundary_witness_comment,605,443,443,605,0.7322314049586777,0.0,0.26776859504132233,0.0,2.2694214876033056,1.636568848758465,0.5140495867768595
main,securityeval,Qwen/Qwen2.5-Coder-1.5B-Instruct,4,fair_random_comment,605,412,414,605,0.6809917355371901,0.0,0.315702479338843,0.0,2.3057851239669422,1.5121359223300972,0.4512396694214876
main,securityeval,Qwen/Qwen2.5-Coder-1.5B-Instruct,4,fair_risk_prior_comment,605,422,422,605,0.6975206611570248,0.0,0.30247933884297523,0.0,2.2380165289256198,1.4739336492890995,0.5206611570247934
main,securityeval,Qwen/Qwen2.5-Coder-1.5B-Instruct,4,insec_fixed_pool_comment,605,386,386,605,0.6380165289256199,0.0,0.36198347107438017,0.0,2.3487603305785125,1.4119170984455958,0.48760330578512395
main,securityeval,Qwen/Qwen2.5-Coder-1.5B-Instruct,4,qscout_qbw_comment,605,545,545,605,0.9008264462809917,0.0,0.09917355371900827,0.0,2.2198347107438017,2.0238532110091745,0.5305785123966942
main,securityeval,Qwen/Qwen2.5-Coder-1.5B-Instruct,8,aot_ensemble_fixed_pool_comment,605,494,494,605,0.8165289256198347,0.0,0.1834710743801653,0.0,3.2793388429752066,2.2186234817813766,0.46611570247933887
main,securityeval,Qwen/Qwen2.5-Coder-1.5B-Instruct,8,classical_boundary_witness_comment,605,523,523,605,0.8644628099173554,0.0,0.13553719008264462,0.0,3.1537190082644626,2.3938814531548758,0.512396694214876
main,securityeval,Qwen/Qwen2.5-Coder-1.5B-Instruct,8,fair_random_comment,605,481,481,605,0.7950413223140496,0.0,0.2049586776859504,0.0,3.3570247933884296,2.1600831600831603,0.47107438016528924
main,securityeval,Qwen/Qwen2.5-Coder-1.5B-Instruct,8,fair_risk_prior_comment,605,480,480,605,0.7933884297520661,0.0,0.2066115702479339,0.0,3.2925619834710744,2.066666666666667,0.5206611570247934
main,securityeval,Qwen/Qwen2.5-Coder-1.5B-Instruct,8,insec_fixed_pool_comment,605,477,477,605,0.7884297520661157,0.0,0.2115702479338843,0.0,3.5702479338842976,2.3815513626834384,0.48760330578512395
main,securityeval,Qwen/Qwen2.5-Coder-1.5B-Instruct,8,qscout_qbw_comment,605,600,600,605,0.9917355371900827,0.0,0.008264462809917356,0.0,2.4446280991735536,2.3983333333333334,0.5289256198347108
main,securityeval,Qwen/Qwen2.5-Coder-1.5B-Instruct,16,aot_ensemble_fixed_pool_comment,605,530,530,605,0.8760330578512396,0.0,0.12396694214876033,0.0,4.575206611570248,2.9584905660377356,0.47768595041322315
main,securityeval,Qwen/Qwen2.5-Coder-1.5B-Instruct,16,classical_boundary_witness_comment,605,593,593,605,0.9801652892561984,0.0,0.019834710743801654,0.0,3.2925619834710744,3.0354131534569984,0.5223140495867769
main,securityeval,Qwen/Qwen2.5-Coder-1.5B-Instruct,16,fair_random_comment,605,570,570,605,0.9421487603305785,0.0,0.05785123966942149,0.0,4.051239669421488,3.3175438596491227,0.48760330578512395
main,securityeval,Qwen/Qwen2.5-Coder-1.5B-Instruct,16,fair_risk_prior_comment,605,502,502,605,0.8297520661157025,0.0,0.17024793388429751,0.0,4.8148760330578515,2.5199203187250996,0.5206611570247934
main,securityeval,Qwen/Qwen2.5-Coder-1.5B-Instruct,16,insec_fixed_pool_comment,605,515,515,605,0.8512396694214877,0.0,0.1487603305785124,0.0,4.953719008264462,3.0233009708737866,0.48760330578512395
main,securityeval,Qwen/Qwen2.5-Coder-1.5B-Instruct,16,qscout_qbw_comment,605,605,605,605,1.0,0.0,0.0,0.0,2.512396694214876,2.512396694214876,0.5388429752066116
